{
    "providers": [
        {
            "type": "bitmap",
            "file": "minecraft:ranks/owner.png",
            "ascent": 8,
            "height": 8,
            "chars": ["\uE800"]
        },
        {
            "type": "bitmap",
            "file": "minecraft:ranks/admin.png",
            "ascent": 8,
            "height": 8,
            "chars": ["\uE801"]
        },
        {
            "type": "bitmap",
            "file": "minecraft:ranks/moderator.png",
            "ascent": 8,
            "height": 8,
            "chars": ["\uE802"]
       }
       {
            "type": "bitmap",
            "file": "minecraft:ranks/peasant.png",
            "ascent": 8,
            "height": 8,
            "chars": ["\uE803"]
       }


  ]
}